language,filename,blank,comment,code,"http://cloc.sourceforge.net v 1.64  T=0.04 s (501.8 files/s, 63581.2 lines/s)"
C++,Vec2.cpp,72,11,358
C++,Sprite.cpp,22,9,156
C++,Window.cpp,32,26,153
C++,Engine.cpp,23,10,149
C++,Animation.cpp,19,9,134
C++,Font.cpp,42,86,124
C++,GameObject.cpp,29,10,116
C++,Collision.cpp,30,41,96
C++,Matrix.cpp,18,9,95
C++,Input.cpp,9,11,93
C++,Texture.cpp,25,12,76
C++,TextureManager.cpp,13,30,61
C++,Path.cpp,7,11,55
C++,Logger.cpp,11,12,50
C++,GameStateManager.cpp,6,8,47
C++,GameObjectManager.cpp,6,9,46
C++,Camera.cpp,9,9,33
C++,Random.cpp,6,7,32
C++,Particle.cpp,4,10,27
C++,TextManager.cpp,6,0,18
C++,ShowCollision.cpp,3,9,11
